customer_tweet,apple_reply,tweet_length,intent,auto_or_escalate,reason
@AppleSupport I️ can connect just fine but my phone won’t download anything or load any apps and my WiFi is totally fine because my other devices work,@516039 Understood.  Check here under step 6: https://t.co/2WRbhvw0dM Let us know if you can connect after that.,150,,,
So @AppleSupport my speaker just gon stop working everytime y’all have a new update 🤔,@273855 We'd like to help. Tell us what device is this occurring with? What is the operating system version number it's running?,85,,,
"@AppleSupport look, i just got this iPhone 8 and i would like to ask y’all why is my phone tripping and dying so fast 😐","@170489 We want to make sure your iPhone is there for you when you need it. So we can get started, let's pair up in DM to take a closer look at this. https://t.co/GDrqU22YpT",119,,,
@814571 @AppleSupport please update the published date of Security Update 2017-001.  Unless you have a time machine this date is incorrect and manual downloaders may be confused about whether its the right patch. https://t.co/gutki0WsMH,"@814570 We are seeing todays date at this link: https://t.co/B5dcmAftzp If you are seeing a different date, please reach out in DM. https://t.co/GDrqU22YpT",236,,,
@AppleSupport recent update for IPad and IPhone have made it difficult to open certain applications,"@163247 Let us know which apps you're having trouble with, and what happens when you try to open them. We're here for you!",99,,,
"@AppleSupport I did the latest update at that time and it worked well.  The day before your last update, it started dropping again. I updated again last week and it still drops.",@774928 Please DM us the software version you’re using so we can better assist you. https://t.co/GDrqU22YpT,177,,,
@AppleSupport @115858 why isn’t my low power mode working 🤔🧐help?!... https://t.co/AutkdiI4n6,@143274 Thanks for reaching out. We're here to help. DM us so we can look into this further with you. https://t.co/GDrqU22YpT,93,,,
"@AppleSupport help me.. my iPhone 5s is freezing on homescreen, can't adjust audio, after update to iOS 11.0.3. please fix it asap",@648515 We'd love to help. Could you Direct Message us and let us know what country you're located in? https://t.co/GDrqU22YpT,130,,,
"Another @115858 #ios11 bug - search textbox in Settings disappears, and the little “x” (to clear the input) follows as you scroll. This release is a QA disaster. https://t.co/dApuyRo3vp","@224486 Let’s investigate this together. Use the link below to join us in DM, and we’ll get started. https://t.co/GDrqU22YpT",185,,,
@AppleSupport ETA on iPhone activation services? Been trying to activate an X for 90+ minutes now.,@476002 Follow the steps listed her to activate iPhone using iTunes: https://t.co/ywHIZGN4Ac Let us know if anything changes.,98,,,
I’ve been bitten by the @115858 bug 🍏 🐛 😔 I️ I️ I️,@519472 Here’s what you can do to work around the issue until it’s fixed in a future software update: https://t.co/xXaXeeSRt9,50,,,
"If all these boxed question marks and exclamation points are something new, it’s dumb af, everyone hates it, and no one gets it @115858",@518681 Here’s what you can do to work around the issue until it’s fixed in a future software update: https://t.co/qODbOsp4wz,135,,,
"@AppleSupport Hi , i have an iPhone 8+ and i have a problem, at the begining of every videos i have a weird sound .(like stuttering)",@485879 We're here for you. Which version of the iOS are you running? You can check from Settings &gt; general &gt; About.,132,,,
@AppleSupport This glitch with the letter following H is affecting my ability to work on the road. Unacceptable.,@630167 Here’s what you can do to work around the issue until it’s fixed in a future software update: https://t.co/xXaXeeSRt9,112,,,
@AppleSupport help I updated to iOS 11 and can’t email videos nor text videos to anything other than iPhone.,@317221 We'd like to help. DM us which iOS 11 version you're on and we'll get started. https://t.co/GDrqU22YpT,108,,,
"@AppleSupport That worked, thanks!",@468517 You're very welcome! Let us know if you have any other questions; we'd be happy to help. Have a great rest of your night!,34,,,
@AppleSupport I can get on and listen to all of my podcasts and it shows the top 10 episodes on the main itunes page as well as the normal top 100 chart for general podcasts but gives me nothing for the 'top episodes' chart including when I try to refine it by category i.e. https://t.co/fEMBUdD43z,@271148 Thanks for that info. Go ahead and reach out to us in DM and let us know what country you're located in so we can look into this further. https://t.co/GDrqU22YpT,298,,,
@AppleSupport Thanks so much.,"@412303 You're totally welcome. If there's any other way we can be of help, you know where to find us! https://t.co/GDrqU22YpT",29,,,
What is this @AppleSupport https://t.co/lSGiSdBIjZ,"@441067 We'd like to make sure we get you iPhone working. Please meet us in DM so we can gather more information, and better assist you. https://t.co/GDrqU22YpT",50,,,
@AppleSupport 11.0.2(15A421),@359699 Thank you. We’d love more details. Are you taking any actions with the device when the screen goes dark?,28,,,
"Acepté la actualización que me ofrecía @115858 de macOS High Sierra. Después de 10 horas de múltiples fallos y errores de instalación, de un domingo tenso y desperdiciado, parece que hay que rendirse. Se perdió todo",@785338 We offer support via Twitter in English. Get help in Spanish here: https://t.co/IBIY3vMgPj or join https://t.co/OczyRx7IOs,215,,,
@AppleSupport Yea I do,@314066 Thanks.  Now make sure iCloud Photo Library is enabled under Settings &gt; Photos,22,,,
"@AppleSupport @115858 fix my iPhone and it’s stupid ass autocorrect, ” i “ turns into “ I️ “",@525644 Here’s what you can do to work around the issue until it’s fixed in a future software update: https://t.co/xXaXeeSRt9,92,,,
@AppleSupport seriously why isn’t there a new update that fixes the issues with the current update. My phone has been glitching since Friday https://t.co/tAYhMoZcUU,@477463 Here’s what you can do to work around the issue until it’s fixed in a future software update: https://t.co/xXaXeeSRt9,164,,,
@115858 the latest iOS update is slow as hell man. Takes me 5 seconds to text or email a link or screenshot now. Smh,@568117 We'd like to take a further look at this with you. DM us which iOS device you are experiencing these issues on to continue. https://t.co/GDrqU22YpT,116,,,
@AppleSupport fix this fucking glitch or i️ am going to throw my phone off of a bridge,@629734 Here’s what you can do to work around the issue until it’s fixed in a future software update: https://t.co/xXaXeeSRt9,86,,,
"@AppleSupport unfortunately, I do that and then it's fine but eventually it starts again",@447237 Does this only happen when you are logged into a user account. Does this happen when the iMac is sitting idle?,88,,,
"@118190 @AppleSupport Confirmed, @118190 in Activity Monitor; when activating screen sharing in a call, Slack prevents sleeping. It went to 'Yes' at that moment. https://t.co/P4r1ZuAE2e",@419820 Please send us a DM and we'll go from there. https://t.co/GDrqU22YpT,185,,,
@AppleSupport,"@610011 Let's look into this together. Did the slowness start after using a certain app, or was it immediate? Let us know in DM https://t.co/GDrqU22YpT",13,,,
@AppleSupport Is there a way to check the overall battery health of my iPhone 6S Plus?,@780074 We want to help. DM us and we'll work from there. https://t.co/GDrqU2kzhr,86,,,
"anyone having issues with #osx #HighSierra and #Slack, #zoom or Multiple monitors? Getting major lag. @115858  @118190  @172377 #DevLife","@823737 We're happy to help out with your concerns. To begin, have you made sure that all apps are up-to-date via the App Store &gt; Updates tab? 
Does the slower performance happen with a specific pattern?
Send us a DM and we'll work on this together. https://t.co/GDrqU22YpT",136,,,
@AppleSupport Its finally working itself out. Still some issues but not this bad now.,@272908 We're happy to hear it's working out. Would you like to work on some issues you're still experiencing? We're here to help!,85,,,
@AppleSupport see above,"@215820 We're happy to help with this. Take a look here for steps to resolve this: https://t.co/Wc5MHFZb0p Join us in DM if the issue remains, or you have any questions. https://t.co/GDrqU22YpT",23,,,
"Extremely disappointed with @115858 @AppleSupport 
I have been loyal for years but right now I wish I wasn’t.",@682678 DM us the details of your issue and we can help you out with this. https://t.co/GDrqU22YpT,109,,,
"@AppleSupport, hi the battery in an iphone 6s last about 6 hours after the last update. As a final note it has a new original battery that was changed through a program you had last September to the battery in some iphone 6s","@430726 Battery life is important, and we’d love to assist. Are you using iOS 11.0.3? Let us know in DM. https://t.co/GDrqU22YpT",224,,,
@AppleSupport hello it is taking a long time for my Apple ID to be set up on the #iPhoneX so it your servers regards,@476795 We'd like to help. DM us the country or region you're located in. https://t.co/GDrqU22YpT,116,,,
Is anyone else having a bizarre issue with @115858 #AppleWatches where your watch face displays random photos it isn’t supposed to? They’re definitely NOT supposed to be displaying. Why is my watch doing this? @287031 @73489,@532834 Let's look at this together. Which software version are you using?,224,,,
@115858 3 days ago i got my iphone x and is it normal that it tooks 4+ hrs for a full charge.. is it normal I'm really concerned l. plz reply,@513702 We can assist you. Please DM us via the following link and we'll help you further from there. https://t.co/GDrqU22YpT,141,,,
@115858 needs to update their shit my phone keeps freezing and safari is slower than dirt it’s ridiculous,"@809489 We certainly want you to be able to enjoy your iPhone, and we'll do all we can to help. Please send us a DM, and we'll investigate this together. https://t.co/GDrqU22YpT",105,,,
@AppleSupport My computer has been installing the latest update pre login for a long time approximately 2 hours. What is the expected wait time? Or is there an issue with the update?,"@260898 We appreciate you reaching out!  To start, can you tell us what macOS you were on prior to updating?",182,,,
@AppleSupport why new iOS on IPhone 8 keeps forgetting my WiFi and then I have to reset network settings 5 times a day?,"@804171 That's not the experience we expect and we'd like to help. To start, can you provide us with the exact iOS version you're using? Also, when did this first start? You can find the iOS version by going to Settings &gt; General &gt; About.",119,,,
@AppleSupport Any way to check the overall battery health of my iPhone 6s?,@644916 We're glad you reached out. Battery life is essential to your iPhone experience. Let's look into some options together. DM us to get started. https://t.co/GDrqU22YpT,74,,,
@AppleSupport Just get no connection when using. https://t.co/hoy4LnRnyF,@336779 Is this happening on Wi-FI as well as cellular data?,72,,,
"@AppleSupport hi am having problems with battery in iPhone 5s. Battery charge percentage changes a lot, says I have 18% then 60% when plugin",@270229 Let's help take a look. How long has this been happening? Which version of iOS are you running in Settings &gt; General &gt; About?,140,,,
@AppleSupport battery life has bever been this shitty on any electronic device ive ever used. Fix it quick.,@567892 We'd like to look into your battery life. Which iPhone are you using? Which iOS version are you running?,107,,,
@115858 @AppleSupport  iOS 11 make ipad run slow.,"@536435 Slow performance is certainly no fun, and rest assured you are in the right place to get some help. DM us to get started. https://t.co/GDrqU22YpT",49,,,
@AppleSupport please help with these I️ I️ I️ I️ I️ I️ I️ ... it’s driving me insane 😑,@490096 We'd love to help. Check out the steps here: https://t.co/xXaXeeSRt9 Let us know if you have questions.,86,,,
@AppleSupport Oh hey um....where is the video option? 😅 https://t.co/tObiKu1OQd,@365425 Let's restart the device. Does the issue remain?,79,,,
@591287 @AppleSupport I swear I turn it off at least 10 times while at work because it always flips back on asking me to join a network.,"@591345 We'd love to look into this with you. Are you disabling Wi-Fi via the Control Center, or through Settings? Let us know in DM. https://t.co/GDrqU22YpT",136,,,
"@AppleSupport Checked time- battery at 54%, checked again 5 minutes later, it was down to 13%. Phone was doing nothing in between. This only happened since installing ios 11. I’ve done all I can think of to reduce battery drain. Help!!","@764997 Hey there. We appreciate you reaching out. What model iPhone are you using, and what is the exact iOS version installed in Settings &gt; General &gt; About? Also, let's make sure your settings are adjusted for improved battery life as listed here: https://t.co/bivpdfBNJ6",235,,,
"@115858 , this started happening after the update. What’s happening??? I’m ready to throw my phone out the window",@592994 We have a few steps that might help here: https://t.co/xU1AGHStV6 Still need help after apply this? DM us with the link below. https://t.co/GDrqU22YpT,113,,,
"Can’t make or receive calls, a black screen for over an hour yesterday on my iPhone X. Thanks @AppleSupport","@751752 Thanks for contacting us. We know how important it is to stay in touch. We're happy to help the best we can. Let's start with the steps here: https://t.co/U53YusKX3z

Please reach out if you still need help after trying these steps.",107,,,
@AppleSupport It's an iPhone 7 iOS 10.3.3 (although it was doing this when my phone was up to date on software as well) I don't get the temp alert on my screen- when I press on anything it won't work (e.g. opening an app) so I lock it and then it's just a gradient orange screen,"@557936 Thanks for those details. We'd like to take a close look into this issue with you. Please DM us and let us know when the phone gets warmer than expected; during charging, sitting idle, watching videos, etc. https://t.co/GDrqU22YpT",278,,,
@AppleSupport  https://t.co/rpeBYtGJQT,"@650961 You're absolutely right, you have plenty of iCloud space. What is happening when you try to back up? Are you getting an error message or does the backup just not complete?",38,,,
"@AppleSupport this sounds weird.
Whenever I create PDF of Web page from Safari(Save PDF to iBooks) this app(Office to PDF) downloads automatically(No fingerprint,no password,no prompts)
Happened 3 times on 3 different days!
STRANGE!

https://t.co/ptVCZb9RZ4 https://t.co/iA21AiClz1",@258351 We want to help.  Do you have MS Office on your device?  What version of iOS is on your device?,281,,,
"Thanks @115858 for the OIS update. Can’t change my ringer volume, no sound in SC videos with ringer off smh","@541812 Let us take a look! Regarding your volume, let's go to Settings &gt; Sounds &amp; Haptics, is Change with Buttons enabled?",107,,,
"@AppleSupport just updated ios11.0.2 on my iPhone 7. Nothing works, phone hangs, stops working, shuts off, app freezes. What's going on?",@297846 We'd like to help. Let's meet up in DM to investigate. https://t.co/GDrqU22YpT,136,,,
@AppleSupport Hey @AppleSupport i updated to ios11.0.3 but nothing much have changed. Where is the setting to save screenshots directly to photos in ios11,"@150585 Screenshots are automatically saved to your Screenshots album in Photos, so you don't have to worry about it.",154,,,
@115858 fix your podcast app. This update is awful and I hate it with a passion I never thought I could have for an app #podcast #applepodcasts #updatefail,@231637 We want to help. Please DM us details on what exactly is happening with the Podcasts app and we'll work with you on any issues you're having there. https://t.co/GDrqU22YpT,155,,,
@AppleSupport Nope but whenever I connect it to my laptop on iTunes it says error connecting to iPhone. I'm about to wipe my thing because according to everyone that's all you can do unless you use iCloud 😐,"@656937 If you have an iTunes backup, you don't necessarily need iCloud, so let's explore the error that you're seeing. What's the exact text you see when you plug your iPhone into the computer? Let us know in DM and we'll dig in further. https://t.co/GDrqU22YpT",206,,,
@AppleSupport iPhone 6S and iOS 11.0.2,@297538 Thanks for the info. Let's get you updated to 11.0.3 and see if the issue persists. Instructions here: https://t.co/80YRnjDFDk,38,,,
@115858 every time I️ use the letter “I️” on my keyboard I️t turns into some weird symbol. IM PISSED,"@813047 An update has been released to assist with this issue. If you haven’t yet, please back up your device and update it to iOS 11.1.1. For more info, check out: https://t.co/4f8hwT5to6",100,,,
@AppleSupport My phone is using data to back up to icloud every morning in the 2 am hour. How do I prevent this usage?????,@323924 That’s a great question. Here’s a link about the automatic iCloud backup feature: https://t.co/4f8hwT5to6,122,,,
"Every time I receive a Snapchat notification, my music pauses 🙃 #iOS11struggles @AppleSupport","@275677 Let's look into this for you. Are you experiencing this with our Music App or a 3rd party music App? Also, what iOS 11 version are you currently using? Let us know in DM. https://t.co/GDrqU22YpT",93,,,
"@AppleSupport Our Safari browsers since the last Apple security update, keep crashing,  the minute you open Safari it crashes, we keep sending in the reports.   Is there a problem with the last security update that would do this?","@238536 That's not expected behavior after an update, and we want to help. Try the steps here and let us know if it helps: https://t.co/jmfl9ljdvU",229,,,
"@AppleSupport
Is iPad (Gen4)128GB WiFi+4G LTE getting an upgrade from Buggy iOS 10.3.3 or is @115858 just moving on to iOS11 &amp; won't fix it?!",@484144 We'd like to help. Please meet us in DM and we'll take a further look at this together. https://t.co/GDrqU22YpT,145,,,
hey @AppleSupport kind of sus that my phone stops working out of nowhere right as the new iphones are coming out,@608411  We'd be more than happy to lend a hand. Send us a DM telling us which iPhone you're using &amp; its iOS version number. https://t.co/GDrqU22YpT,112,,,
"If I pay for @115948 @115858 I expect my downloaded playlist to not disappear when there’s an iPhone update, SO GET IT TOGETHER😡",@281266 We're here to help. Let's take a look at possible causes. Is iCloud Music Library enabled when you go to Settings &gt; Music?,128,,,
Deleted a whole message feed by accident and I can’t get them back😭 any help? I didn’t back up my phone either @AppleSupport,@801933 Thanks for reaching out.  We want to help. The way to recover deleted messages is to restore them from a backup.,124,,,
@AppleSupport same result https://t.co/RLmsqNKfkX,@464218 Okay. Let's look into this further. DM us your iOS version here: https://t.co/GDrqU22YpT,49,,,
@AppleSupport can I update my iMessage apps?,@156798 We're here to assist you. Can you clarify what you are attempting to update that's related to iMessage?,44,,,
. @AppleSupport search in messages ain’t working post update. Please look into it. #iphone6s #ios11.0.2,@149341 Go ahead and let us know what issues you're having specifically with search within DM here for help: https://t.co/GDrqU22YpT,103,,,
@AppleSupport Yes we did,"@248698 Great! You may also need to disable notifications, restart your device, then re-enable those. More info here: https://t.co/osZOKKTalm",24,,,
@AppleSupport @115858 I need to know just 2 things. Has the #Iphone10 a #Backbutton ? Can you place the cursor anywhere in a word without a long press?,@520033 We're here to help. You move the cursor the same as before. The keyboard is still the same. https://t.co/L2Qp1hJ1RT,151,,,
"@AppleSupport ever since i updated to ios 11 my apple music isnt working properly. i cant add, delete or download any songs and it freezes whenever i try to make new playlists",@172387 We want to help. Reach out via DM using the link below and let us know what version of iOS 11 you have installed. You can check by tapping Settings &gt; General &gt; About. https://t.co/GDrqU2kzhr,175,,,
"@AppleSupport i can’t purchase diamond in mobile legend, how to fix it? https://t.co/0C0Lq6weMQ",@467488 We received your DM and you'll see a response there shortly.,95,,,
@216585 @173329 @AppleSupport I've lost patience trying to update. Will just wait for it to pop up.,@216584 We want you to be able to do the update. Does it give the same error message while on Wi-Fi? DM us and we'll help out. https://t.co/GDrqU22YpT,99,,,
"@AppleSupport I'm not sure what the goal was with this new update, but my phone has been giving me problems for the last 30+ hours....",@363159 We’ll work through this together. What’s happening with your iPhone? Are you using iOS 11.0.3?,134,,,
@727915 @711172 @AppleSupport I updated mine and it didn’t fix it,@727914 Thanks for letting us know. We'd like to take a look at some details to assist. Send us a DM using the link below and we'll continue. https://t.co/GDrqU22YpT,65,,,
hey @AppleSupport My find my iphone alert just randomly went off... any ideas as of why?,"@250321 We can help look into that. Are you signed into iCloud on any other devices or computers? Do you share your iCloud account with anyone else? Please, answer back in a DM and we'll continue from there. https://t.co/GDrqU22YpT",88,,,
@AppleSupport do you have a complaints email,@565012 Let’s work together on your situation. Could you let us know more details via a DM? We’ll keep moving forward from there. https://t.co/GDrqU22YpT,44,,,
@115858 @AppleSupport who can I chat/ contact about an issue I had with the @17425 not honoring my AppleCare+?,@412439 Let's look into this together. Please send us a DM and we will go from there. https://t.co/GDrqU22YpT,110,,,
@AppleSupport so I’m seeing this mark where the letter I should be (Iphone 7 iOS 11.1.1) https://t.co/4LMTFZ5bh0,"@251070 Thanks for reaching out! We'd be glad to assist you! The first question we'd like to ask is, in the screenshot attached, the message in which you circled the question mark, is this a message you composed? Or is this someone else's post? Let us know in DM: https://t.co/GDrqU22YpT",112,,,
@AppleSupport. My iphone 7 plus is heating after i watch youtube videos for around 10 mins after updating to ios 11.1. Pls help,@497763 We'd be happy to look into this with you! Send us a DM to get started. https://t.co/GDrqU22YpT,127,,,
@115858 get your shit together. iOS 11 has fucked my brand new 7+ up. I have to reset at least 15x a day.,"@548775 We can help. DM us some details on the issue you’re noticing with your iPhone, and the version of iOS 11 it's on. https://t.co/GDrqU22YpT",105,,,
"@AppleSupport Both , apps freeze and throw me out , the device freezes and the screen goes black and doesn’t respond , the speaker stops working on phone calls and I have to turn it on and off to get it back , camera roll pictures don’t load &amp; the mini screen for music disappears a lot",@778258 We understand wanting to get these issues sorted out. Do you have any app updates available in the App Store &gt; Updates? Are you currently using a case or a screen protector with your iPhone?,290,,,
"@AppleSupport Why when I take a screenshot of something, doesn’t matter what it is, it always comes out completely black? An all black pic..",@397860 Thanks for reaching out. Have you done any troubleshooting steps before reaching out to us? We don't want you to repeat steps.,140,,,
ever since the most recent @115858 iOS update my phone hasn’t accurately tracked a single run - not on @38679 or @499151 . today’s run was the Most accurate yet 😾😾😾😾 #christlike https://t.co/cy26PdYSED,@731072 We know how fun it is to track your activity with different apps. We'll be happy to do what we can to assist. Does your iPhone show the correct location when using Apple Maps? We want to be sure the GPS sensors are working correctly. Please DM us here: https://t.co/GDrqU22YpT,201,,,
"@AppleSupport If I purchase Apple Care, will my repairs be free? Does Apple Care cover all repairs or only certain kinds.",@156798 Great Question! AppleCare+ coverage really depends on the device and the service required. We have a great resource that explains in further details per device. Take a look: https://t.co/Ds0oKsCgkE,121,,,
"@AppleSupport Uh, weirdness after watchOS 4.1 update https://t.co/Q2J6P7OK3l",@408 We'd like to take a closer look at the issue. Has this happened every day since updating? https://t.co/GDrqU22YpT,76,,,
"@AppleSupport this new update has completely JACKED UP my phone!!! freezes randomly, can’t look at apps while on the phone, hard resets!","@531790 We'd like to take a look at this with you. To start, may we ask which iOS version you're currently using?",136,,,
i am stressing out so much with this new update. my phone keeps dying on me randomly and the apps keep crashing. please fix this ;( @115858,@513685 We are here to help. DM us your exact iOS version and we can take a look at this. https://t.co/GDrqU22YpT,139,,,
Just downloaded the iOS 11.0.3 software update and.. none of my downloaded @115948 will play (offline) @AppleSupport SOS 😭 https://t.co/YlSaaB3N0v,"@456304 You should be able to play downloaded content on, or offline. Does this persist after rebooting the device?",146,,,
@AppleSupport can y’all fix this I️ 🤦🏽‍♀️🤦🏽‍♀️,@503750 Here’s what you can do to work around the issue until it’s fixed in a future software update: https://t.co/qODbOsp4wz,46,,,
@AppleSupport Can y’all fix that problem,@748088 You can download on a computer running iTunes and sync the media over. This page should help: https://t.co/048FvsiWf8 DM us if you run into any issues. https://t.co/GDrqU22YpT,40,,,
"@AppleSupport @115858 #ios1102 Problems: draining battery like hell, Constantly Iphone and keyboard freezing, APPS crashing... etc ... HELP!","@186229 We'll help out. To concentrate on one issue at a time, check these battery tips as a first step. https://t.co/bivpdfBNJ6",140,,,
I’m so mad at @115858 and their stupid slow ass update,@717032 We're here to help and want to do all we can to work towards a resolution. Select the following link to join us in a DM and let us know more about what's going on. https://t.co/GDrqU22YpT,54,,,
#apple @AppleSupport @115858 is this legit or is it just someone down the like wanting to make money of me from getting the app? https://t.co/gawICJASVo,"@423735 You may disregard this, as it is not from us here at Apple.",152,,,
"@AppleSupport Yes, I’ve tried that a few times and I have tried resetting network settings.","@408807 
We'd like to gather some more information for better troubleshooting. Can you DM us the country you are located in? https://t.co/GDrqU22YpT",91,,,
"@AppleSupport since updating iOS, I frequently get no service or searching for hours. I’ve restarted, reset network settings, updated iOS",@292824 We'd like to help out with your iPhone. Try these steps: https://t.co/5KootZbxj1 Send us a DM if it continues. https://t.co/GDrqU22YpT,137,,,
The new apple update slowed down my phone and drains its battery fast...wtf did you do?! @AppleSupport,"@550188 That's not what we want to happen, at all. Please DM and tell us what iPhone device you have. We'll meet you there to help. https://t.co/GDrqU22YpT",102,,,
@115858 did the iOS 11.03 update and my battery still sucks. Can we address this issue?? #ios1103 #batterydrain,@331581 We're here to help. Have you tried these battery tips and tricks to maximizing your performance? https://t.co/bivpdfBNJ6,111,,,
@AppleSupport yo fuck ur update fix this shit my Bluetooth and sound are fucked,@546749 This is not the experience we want you to have. What issues are you having with your sound and Bluetooth? Let us know in DM. https://t.co/GDrqU22YpT,79,,,
@AppleSupport Just updated to IOS11.3 and my Apple Music library has gone 😐,"@337310 Let's work on getting your music back! To begin, were these the songs you have downloaded or the entire Library?",75,,,
Ok but when is @AppleSupport going to fix this stupid I️,@530235 Here’s what you can do to work around the issue until it’s fixed in a future software update: https://t.co/xXaXeeSRt9,56,,,
@AppleSupport 35 minutes waiting to talk to an expert and no answer... The might be still sleeping #applealarmclock https://t.co/D0zDNmslWq,@612870 This is not the experience we'd expect you to have. Let us know in DM the issue you're having and we'll do everything we can to assist. https://t.co/GDrqU22YpT,139,,,
@AppleSupport are the Air Pods available on student discount in the UK? Went on your site I can't tell,@670523 Let's get you in touch with our Sales team for assistance with this. You can reach out to them here:  https://t.co/8yjRd1Xo0i,102,,,
@AppleSupport aye fix my phone. this question marks pissing me off,@448426 We'd love to help. What iOS version do you see in Settings &gt; General &gt; About &gt; Version?,66,,,
"@AppleSupport the new Mac OS Sierra just messed my laptop up. Finder is not even working, I need an answer","@666321 Finder is an essential component to the Mac, and we'll do all we can to help. To get started, do the steps to force quit and relaunch Finder. For more help with this issue, check under ""Learn More"" here: https://t.co/W0vgF3uI0f",106,,,
Anyone have any idea why my @115858 TV downloaded a new aerial screensaver even though I have set it to never download new ones? Annoyed that my arctic one has gone and been replaced by Dubai #appletv #apple #annoying,@623047 That's a great question for our Apple TV team. You can reach out to them here: https://t.co/IBIY3vMgPj,217,,,
.@115858 your latest update is annoying me! My phone is even slower than ever and it has weird autocorrects! 🙄🤬,"@668650 Let's find a solution together. Just to be sure we're on the same page, is your iPhone running iOS 11.1.1? Tap on Settings &gt; General &gt; About to find out.",111,,,
@AppleSupport Please I really want a refund to my Apple ID...it was paid from my gift balance...,@470601 Our iTunes Store team would be happy to help with your billing concerns. Reach them here: https://t.co/SDIe7UiyJN,96,,,
@AppleSupport Sort your updates out - I can’t send a text from contacts - shocking how you offer updates that mess up other parts of phone system 👎👎👎👎,@287512 We'll be happy to look into this with you. Send us a DM and we'll go from there. https://t.co/GDrqU22YpT,150,,,
"@AppleSupport As I said preciously, the programs that have issues are while playing videos in full screen mode within Safari (YouTube video still works)","@452872 Thank you for your reply. Does it flash green at the beginning a few times, then play normally after that? Let us know in DM. https://t.co/GDrqU22YpT",152,,,
"@AppleSupport Any ideas what could be causing this issue on my iPhone 6 Plus? Screen becomes unresponsive, flickering bar at the top and sometimes it does its own thing altogether. Phone is near enough unusable. https://t.co/a7okyhH7TE","@814573 We want to help. How long has this been going on? What's the iOS version being used? Meet us in a DM, we'll continue with this there. https://t.co/GDrqU22YpT",235,,,
@AppleSupport I did my new update now my phone randomly locks and resets itself. Will there be a new update to fix this?,@184723 That's not the experience we want you to have. DM us using the link below. We'll work from there. https://t.co/GDrqU22YpT,120,,,
@AppleSupport 1ZE10Y190463677157,"@488075 You can check the status of your order here: https://t.co/6uY1Dt1ndg 
DM us if you still have questions after that. https://t.co/GDrqU22YpT",32,,,
@115858  @AppleSupport why does this happen? The “I️” is lost https://t.co/0AWUMQJzo5,"@485218 Thanks for reaching out. This article has more details on that behavior, including how to address it: https://t.co/xXaXefaskH",85,,,
Got a call my CC info &amp; SSN were accessed. Checked all of my stuff and there’s two fake domains in my Passwords that have no site name &amp; won’t delete even when I️ reset my Keychain. @AppleSupport you wanna spot me for a new identity orrr? https://t.co/wb5ru2w4AN,@697403 We’d like to look into this with you. Please send us a DM to let us know details about the call you received. https://t.co/GDrqU22YpT,270,,,
How do you clear newer notifications off of the home screen in the new #iOS? @AppleSupport https://t.co/HMpjMESJL6,"@459279 Let’s see what’s going on with this. Reply by DM, and let us know the iOS version shown in Settings &gt; General &gt; About. https://t.co/GDrqU22YpT",114,,,
@AppleSupport yes i am,"@289409 Alright. Since updating, have you restarted your iPhone? If not, give that a try next. Let us know the results in DM, please. https://t.co/GDrqU22YpT",22,,,
@AppleSupport iOS 11.0.1 is also just so buggy! Is a fix coming for apps and screen not to freeze while in use?,@394312 Let's try following this article to make a backup and update to our latest version of iOS: https://t.co/80YRnjDFDk,111,,,
I left the house with my phone on 58% now it's on fucking 38 @115858 do better,@584753 We know how crucial battery life can be. Send us a DM and tell us when this started. We'll take it from there. https://t.co/GDrqU22YpT,78,,,
"Hey @AppleSupport, what’s up with this? Autocorrect gone wild. https://t.co/QOksxYb1XB","@487004 We are here to help. To get started, let's take the steps in the following article: https://t.co/xU1AGHStV6",86,,,
@AppleSupport why does FaceID not work for approving Apps requested via iCloud Family Sharing “Ask to Buy”? It only ever asks for me to enter my password unlike TouchID,"@754014 With Ask to Buy enabled, to approve the request, you'll need to enter in your password for your account. More information about this process is here: https://t.co/2UQHujZDZp",168,,,
@115858 what’s wrong with the store app?,"@573016 If you're still having issues with your Apple device or service, we'd like to know more. Reach out to us via DM with the details. https://t.co/GDrqU22YpT",40,,,
Hey @AppleSupport fix the problem with the fucking “I️ “. It’s supposed to be I,@592084 We're happy to look into this with you. Please DM us the iOS version installed &amp; additional details about this issue. https://t.co/GDrqU22YpT,79,,,
"@AppleSupport Both. It magically turns back on whether at work, home or whoever’s house I’m at and if their WiFi doesn’t work properly, it slows me down.",@303627 Let's take a look at this for you. Reach out to us in DM. https://t.co/GDrqU22YpT,153,,,
@AppleSupport cut off AGAIN that’s the second time now - what the hell is going on?,@172173 We're sorry to hear that we're having troubles connecting. Let's go into DM and see what's going on. https://t.co/GDrqU22YpT,83,,,
"@AppleSupport @AppleSupport to unlock my iPhone, it happened every time. Sorry I took so long to answer, had to buy a new one 😕. The old one says Error 9 when trying to restore. Is there a solution?","@134161 We’ll want to be sure to follow the steps listed here for restore error 9: https://t.co/lMMVPdjGNN 

Let us know if you’re still having issues after completing the steps.",198,,,
"@AppleSupport 6, it lasts about 2 hours after the update.",@276491 Thanks for clarifying. Send us a DM so we can continue to work with you there. https://t.co/GDrqU22YpT,57,,,
"@AppleSupport why does my phone keep connecting to WiFi and Bluetooth randomly? If I wanted to turn it on, I would. iOS 11 problems! 😤",@322633 Thanks for reaching out. Let's figure this out together. Are they turning on in Settings or in the Control Center?,134,,,
@AppleSupport The iPhone 6 Plus. Can we arrange a call?,"@775992 Thanks for clarifying this for us. If you'd prefer to work with our telephone support, you're welcome to reach out to us here:  https://t.co/IBIY3vMgPj",55,,,
"Is it just me or is the @115858 app store a piece of shit? I rarely use it, but everytime I need to, it's always the biggest pain in the ass!",@137180 We'd like to look into the issues you're having with the Apple Store app. Can you explain the issues you are seeing?,141,,,
@AppleSupport please send a fix or work around for this: https://t.co/Wwx4Fbb1Ct,@531436 Here’s what you can do to work around the issue until it’s fixed in a future software update: https://t.co/xXaXeeSRt9,80,,,
"my phone is mad glitchy, it freezes, &amp; it keeps erasing all of my pics then they they download &amp; show up in my albums again. @115858 what is going on",@670126 Let's look into this for you.  Send us a DM with your current iOS version and a screenshot of your iCloud photo settings located under Settings &gt; Name &gt; iCloud &gt; Photos. https://t.co/GDrqU22YpT,157,,,
"@AppleSupport Yes, updated to latest one.",@123516 Thanks! Please send us a DM and give us more details about the way you see iMessage behaving. We're here for you. https://t.co/GDrqU22YpT,41,,,
"The closer to the release date of the iPhone X my phone been fucking up so much, I’m onto you @115858",@423205 What kind of issues are you having with the iOS? Let us know so we can help out.,101,,,
@AppleSupport MacBook Pro offered new OS so I started the process. Since then I can’t boot. Stuck on the boot screen. https://t.co/z0ujSC753m,@569880 We appreciate you reaching out to us about your Mac. You did reach us while we were out of the office so we wanted to check in and see the status. Any change to what you're seeing on your Mac?,141,,,
@AppleSupport post upgrade to iOS11.1 on my iphone6s I cant make any calls. Tried restoring still no joy super frustrated,@484274 We'd love to assist. What exactly happens when you try to make a call. Do you see Searching or No Service in the upper left?,121,,,
"I am simply baffled by how badly @115858 @AppleSupport can mess up an order. Wrong keyboard, wrong name on AppleCare. #makeitright 🤦🏻‍♂️",@129079 Let’s make this right. To begin let’s have our Apple Online Sales Support partner with you here: https://t.co/8yjRd1Xo0i,136,,,
@AppleSupport Can you check DM’s I’m reporting a problem with the new update,@499218 We've received your new DM and we've responded there. Keep an eye out for our response there.,76,,,
"@AppleSupport after upgrading to #iOS11 and 11.0.3 my #iPhone7 become very unstable, always hangs, restarts, the screen never wakes up.. 😭😡😞",@481500 We'd love to help. Please let us know in DM if you're experiencing these issues while using a particular app. https://t.co/GDrqU22YpT,140,,,
@AppleSupport @AppleSupport NOOOO https://t.co/f7ECuCQ9qY,"@202938 Hey, we know your Photos are important. For help, please reach out to our Photos experts here:  https://t.co/IBIY3vMgPj",57,,,
@115858 please fix my I’s,@514896 Here’s what you can do to work around the issue until it’s fixed in a future software update: https://t.co/xXaXeeSRt9,25,,,
WHY CANT 👁 TWEET THE LETTER “EYE” @115858 @AppleSupport,@452630 That should not be happening. Let us help. Tell us more about this in DM. https://t.co/GDrqU22YpT,55,,,
@AppleSupport @144367 @144365 My battery percentage isn’t correct...help?,@144366 Happy to! Can you provide us with more details about what's going on? Which device and iOS version are you using? Let us know in DM. https://t.co/GDrqU22YpT,73,,,
@AppleSupport It started happening recently. And battery life has started recently too. I don’t have many apps. And I don’t have Bluetooth on either,"@409822 Check out this link for temperature concerns: https://t.co/otCvUAaFQq Also, try the recommendations here: https://t.co/bivpdfBNJ6",148,,,
@AppleSupport iPhone 6s and 11.0.3,@390344 Thanks for clarifying. We'd like to take a closer look into this in DM. Send us a message and we will follow up there. https://t.co/GDrqU22YpT,34,,,
@759026 seems like you need the iPhone fix for the letter ‘I’ so here you go. Now I have issue with ‘it’. Darn @AppleSupport https://t.co/aY0ii64bVv,"@532837 We want to take a further look into this if you’re having issues with your keyboard. DM us your current iOS version, and we’ll take a look at it with you there. https://t.co/GDrqU22YpT",148,,,
"I upgraded to iOS 11.2 because I got hit by @115858's notifications bug (disabling app notifications between crashes was fun), and now my phone won't start, won't hard reset, won't DFU, nothing. It just displays the red battery icon. @AppleSupport I can't be the only one, right?",@262084 We'd be happy to help. Check out this link to see if it helps: https://t.co/8MvHMFZ83h,279,,,
👁 am sick of the games @115858 get your shit together,@521809 Here’s what you can do to work around the issue until it’s fixed in a future software update: https://t.co/qODbOsp4wz,53,,,
@AppleSupport whenever texting vowels by themselves it automatically corrects. I️ I️ I️,@490679 Hello there. Try out this work around until this issue is fixed in a future update: https://t.co/xU1AGHStV6,87,,,
"@AppleSupport I keep my Mac screen colors inverted, but when it wakes in 10.13, it reverts to normal and I can’t invert again w/out reboot.",@393679 We can definitely look into this further with you. Which macOS are you running currently? DM to let us know. https://t.co/GDrqU22YpT,139,,,
@476174 @AppleSupport Same,"@592774 We’d like to look into this with you. To start, send us a DM letting us know which device and software version you’re using. https://t.co/GDrqU22YpT",26,,,
@AppleSupport Love an automated reply,"@374875 If you’re still experiencing issues then we’d like to help, meet us in DM so we can do just that. https://t.co/GDrqU22YpT",37,,,
"Hey @115858, #Siri sucks. How can @122986 seem to get it right but you can’t? https://t.co/S8Ct3OvzZl",@602072 Thanks for reaching out. We'd like to take a look at this with you. Please DM us your country to get started. https://t.co/GDrqU22YpT,101,,,
@AppleSupport None whatsoever,@314584 Be sure that you’ve got a current backup and update your iOS to 11.0.3. Send a DM if you need help: https://t.co/80YRnjDFDk https://t.co/GDrqU22YpT,29,,,
@115858 needs to fix this i️ shit,@510100 Here’s what you can do to work around the issue until it’s fixed in a future software update: https://t.co/xXaXeeSRt9,33,,,
@AppleSupport why do the alarms on my iPhone 6 sound a few minutes late? iOS 11 in airplane mode,@409816 We'd love to help. Let's take a look at this further for you. Reach out to us in DM. https://t.co/GDrqU2kzhr,96,,,
@AppleSupport Understand it can be done simply on an iMac which is what I use currently. I wanted to get a MacBook Pro but am unable to touch the touch ID button by skin contact. Does the power button also act as physical button that can be pressed without actual skin contact?,"@568173 Thanks. The Touch ID button on the Macbook Pro is a physical button as well, it can be pressed and held down to power off if Touch ID functionality isn't an option.",277,,,
@AppleSupport why are my lock screen notifications doing this? https://t.co/CP6jXkjwQ8,@387092 We can help get to the bottom of what's happening with those notifications. Which notifications are you seeing this with? Let us know in DM and we'll get started there. https://t.co/GDrqU22YpT,86,,,
@AppleSupport &lt;14 hours after I upgraded my original Apple Watch to WatchOS 4.1: The calendar doesn’t work (says its uninstalled?) and it’s now frozen to the point of needing a hard restart twice. How do I fix this? https://t.co/fPoLnfcGL0,"@351514 we understand how convenient and important your Apple Watch is. We're here to help. Meet us in DM with the iPhone you're paired with, and the version of iOS on that device. https://t.co/GDrqU22YpT",242,,,
"@AppleSupport Yes, correct. Have turned off/on several times &amp; also reinstalled twitter, but continues to disconnect from WiFi. No other apps affected.",@378230 Thanks for confirming and performing those troubleshooting steps! Join us in DM with the country in which you're located. https://t.co/GDrqU22YpT,155,,,
@116333 so far your company hasn’t given me the help needed with my battery issue or answered any of my other issues. @AppleSupport,"@527841 We're happy to help with your battery issues. As we were working in DM, let's continue there. https://t.co/GDrqU22YpT",131,,,
And why TF do iPhones make their “I️” into something stupid now @115858,"@471781 Reach out to us via DM, then we can advise you on this from there. https://t.co/GDrqU22YpT",71,,,
@115858 @AppleSupport And latest update does not fix it,@122934 Thanks for contacting us. What are you experiencing? Please let us know in DM how we can help. https://t.co/GDrqU22YpT,55,,,
"@AppleSupport Please help.

1. Please check #iOS11 (issamess🙅🏾): all of our symptoms are there 
2. No need to reboot. It reboots itself constantly 💁🏾 https://t.co/P1yWQNJuwN",@172164 Let's follow up in DM. We'll continue the conversation there. https://t.co/GDrqU22YpT,173,,,
@115858 the update has fucked up my iPod so thanks for that,@297213 We can help! What's going on with your iPod? Reply in DM to get started.,59,,,
"My keyboard is sending out code and when I️ try to open apps they spaz, flicker, and refuse to open. What nonsense is this @AppleSupport ?!",@253438 We'd like to assist. Send us a Direct Message using the link below and we'll continue. https://t.co/GDrqU22YpT,139,,,
How long we gon keep this going 👉🏽👉🏽👉🏽 I️ @AppleSupport,@593839  We would like to offer some guidance with this. Please review: https://t.co/xXaXeeSRt9 DM us if you have any questions. https://t.co/GDrqU22YpT,55,,,
"Actualice mi iPhone a iOS 11.0.3, con la esperanza de que volviera a vibrar y que se escuchara de manera fluida.  @115858 @AppleSupport https://t.co/J1fl0K1qxs",@384585 We offer support via Twitter in English. Get help in Spanish here: https://t.co/IBIY3vMgPj or join https://t.co/OczyRx7IOs,159,,,
I most certainly have not trained for 1377 minutes in November yet. 00:00 bug? @59914 @AppleSupport https://t.co/EO933aSqTY,"@184331 Let’s investigate this together. DM us the watchOS version your Apple Watch is on, and we’ll get started. https://t.co/GDrqU22YpT",123,,,
"Typing on my iPhone, Awatch on wrist, MacBook on desk and ipad in my bag... trying to complete my reserved order.  @AppleSupport tripping 😐!","@438374 We're happy to help. To help with orders, our Online Sales Support Team can help you here: https://t.co/8yjRd1Xo0i",140,,,
@AppleSupport Updated to IOS 11 and my screen is frozen but I can still access my notification center (swipe up) but can't restart my phone,@476696 Thanks for reaching out to us. Please send us a DM and we can chat with you there. https://t.co/GDrqU22YpT,139,,,
@116333 What the hell are you guys doing? These updates are a mess!! Can’t store any data from my music or apps on my device!!,@603443 We'd like to help out. Are you getting any errors? Are you on iOS 11.1 now? Send us a DM and share what's happening. https://t.co/GDrqU22YpT,126,,,
My phone keeps on restarting itself. @115858 pls fixed this problem asap,"@246311 We understand how important it is to have a reliable iPhone. We recommend backing up your device and following the steps laid out in this article:
https://t.co/osZOKKTalm

This article will walk you through backing up your device: 
https://t.co/4f8hwT5to6",72,,,
"@115858 
I’d like to thank you for the amazing products you have made over the past few years. 
How ever this is what’s happening to my iphone. Need some help. Thank you Apple. https://t.co/tPlbmGKQfv","@246294 We know how important it is to have your iPhone running properly, and we'd love to help. Please take a look at the steps listed here, be sure to create a back up before updating: https://t.co/osZOKKTalm  If you're still having trouble, let us know in DM. https://t.co/GDrqU22YpT",200,,,
"When searching fot ""GOT"" Apple TV app shows Cmore but not @1561 Nordic, even tho I only have HBO installed. @AppleSupport",@123503 Let's get you in touch with our Apple TV experts so they can assist further. Reach out here: https://t.co/IBIY3vMgPj,121,,,
@115858 your new update messed up my phone😭 there’s no sound coming out of the speakers😭😭😭,@695775 We want to help. Restart your iPhone and see if that helps. Test the headphones and receiver speakers as well and make sure the volume is turned on and the Silent Switch is not active. DM us which country you're in the issue continues. https://t.co/GDrqU22YpT,90,,,
@AppleSupport They are not on the same iOS one is 11.0.2 and the other is 11.1.2 I am updating the iPhone 8plus now and Ithink this should fix the problem so both are on the same software version,"@276131 That's exactly right. They'll need to have the same iOS version installed to restore your backup to your new iPhone. If you update and experience any issues, please let us know in DM. We'll pick back up there. https://t.co/GDrqU22YpT",195,,,
@582839 @115858 MINE TOO WTF,@582838 We’re happy to help with any complications you’re experiencing. Could you let us know more details in a DM? We’ll go from there. https://t.co/GDrqU22YpT,28,,,
"Out of the blue this. WTF, @115858? https://t.co/WThCmNLAIM","@555985 Hey, were you able to enter in the keychain password successfully? Let us know in DM and we can go from there. https://t.co/GDrqU22YpT",59,,,
"@AppleSupport my laptop won't go to sleep when I close the lid, or wake back up when I open it. Any suggestions on how it can be fixed?","@502568 We'd be happy to look into this issue with you. Send us a DM, and we'll continue from there. https://t.co/GDrqU22YpT",135,,,
"@applesupport Hi, is there a place on the site to provide feedback about the customer service i've received?",@265045 We'd be happy to record your feedback. Please message us in DM with the details. https://t.co/GDrqU22YpT,108,,,
@115858  @AppleSupport why is it every time I️ type the letter i I️ get a question mark box ?,"@445643 We'd like to look at this with you. DM us, tell us the exact version of iOS 11 you use, and we'll take it from there. https://t.co/GDrqU22YpT",93,,,
@AppleSupport 11.,@329814 Send us a DM and we'll be able to help more. https://t.co/GDrqU22YpT,17,,,
@AppleSupport NECESITO AYUDA,@530256 We offer support via Twitter in English. Get help in Spanish here: https://t.co/IBIY3vMgPj or join https://t.co/OczyRx7IOs,28,,,
@115858 fix ios11 cause my phone freezing since updating,"@409336 We can help! Let us know via DM the type of iPhone that you have, then we can go from there. https://t.co/GDrqU22YpT",56,,,
@AppleSupport 10.3.3,@176777 Let's go ahead and continue in DM. https://t.co/GDrqU22YpT,20,,,
@AppleSupport I got a green line on my iPhone screen just got it used this for 1 day how do I return this and get my refund.,@273658 We want to help. DM us and we'll go from there. https://t.co/GDrqU22YpT,124,,,
Hey @AppleSupport when can I️ get my I️ back?,@505246 Here’s what you can do to work around the issue until it’s fixed in a future software update: https://t.co/xXaXeeSRt9,45,,,
WHY WONT MY FUCKING PHONE UPDATE ???!!!!? @115858 ????? Any1 else havin the same issue orrr????,@558985 What's happening when you try to update your iPhone? Any specific error messages? We can help!,95,,,
@AppleSupport IOS 11.2,@734396 Let's get together in DM to continue working on this issue. You can join us there by clicking on the following link. https://t.co/GDrqU22YpT,22,,,
hey @115858 the new update has basically ruined my phone so plz send help,@720887 We're here for you. Send us a DM and tell us more about what's happening with your iPhone. https://t.co/GDrqU22YpT,73,,,
"@AppleSupport Yep, just those apps so far. Happened while phone was unlocked.","@595262 Have you restarted to see if anything changes? If so, try removing those widgets, and adding them back. Let us know the result in DM: https://t.co/GDrqU22YpT",77,,,
"@AppleSupport It’s ok, managed to rescue the timeline by adding 2nd screen. Definitely bugs galore on FCP X 10.3.4 on High Sierra!! Fix em pls!",@453032 We want to hear your feedback. The following link is a great place to submit it: https://t.co/F6iS28rCzR,143,,,
"@AppleSupport Yes, I played only on iOS 10. After the upgrade to iOS 11 I haven’t tried. Today was  the first time and it hasn’t worked",@725647 Are you able to stream videos from sources other than Apple Music while on cellular?,135,,,
@AppleSupport Thanks for the reply. I’m running 11.1.1 build 15B150. Hope it can be resolved.,@677409 You're most welcome. We want to do all we can to help get to the bottom of this with you. Send us a DM and we'll investigate this further together. https://t.co/GDrqU22YpT,93,,,
@115858 what’s wrong with the letter I️ every time I️ try to type it by itself “A ?” comes up?,"@590580 We'd like to take a look at this with you. DM us, tell us the exact version of iOS 11 you're using and we'll go from there. https://t.co/GDrqU22YpT",94,,,
